{
    "ground_values": {
        "What are the main approaches in artificial intelligence?": [1, 2, 4],
        "How does modern AI differ from classical AI methods?": [1, 2],
        "Which AI topics are covered in lecture notes?": [3],
        "What were the key outcomes of the 19th IJCAI conference?": [5],
        "How can AI improve performance in medicine?": [6, 10],
        "What is the link between integer programming and AI?": [7],
        "How is AI applied in radiology?": [8],
        "What are multi-agent systems and their role in distributed AI?": [9],
        "How has AI evolved in healthcare over time?": [10],

        "What is the significance of the ImageNet dataset in deep learning?": [11, 13],
        "How are deep convolutional neural networks used for image classification?": [11, 13],
        "What is the foundational theory behind neural networks?": [12, 15],
        "How does dropout help prevent overfitting in neural networks?": [14],
        "How can neural networks reduce the dimensionality of data?": [17],
        "What are key trends in deep learning research?": [18],
        "How is knowledge distilled in a neural network?": [19],
        "How do sequence-to-sequence models work in neural networks?": [20],
        "What are the practical applications of neural networks for pattern recognition?": [15, 16],

        "What are the fastest algorithms for supervised learning?": [22, 23],
        "How does semi-supervised learning differ from supervised learning?": [21, 22, 25, 27, 29],
        "What literature exists for semi-supervised learning?": [22, 24],
        "How can Gaussian fields be used for semi-supervised learning?": [25],
        "What is the ALBERT model used for in language representations?": [26],
        "How can fairness be achieved in supervised learning?": [27],
        "What methods exist for virtual adversarial training in semi-supervised learning?": [29],
        "Which introduction resources cover semi-supervised learning?": [28],
        "What surveys provide a comprehensive view of semi-supervised learning?": [29],

        "What are common techniques for unsupervised learning?": [30, 31, 32, 33, 34, 35, 36, 37, 38, 39, 40, 41],
        "How can jigsaw puzzles be used for unsupervised visual representation learning?": [31],
        "How can unsupervised learning estimate depth and ego-motion from video?": [35],
        "What is the role of convolutional deep belief networks in unsupervised learning?": [36],
        "How can slow feature analysis extract invariances in unsupervised learning?": [41],
        "What is deep clustering and how does it help unsupervised learning?": [38],
        "How can LSTMs be applied to unsupervised video representation learning?": [39],

        "What are the main cybersecurity risks posed by generative AI like ChatGPT?": [42],
        "How can AI ethics and privacy be ensured in big data research?": [43],
        "What taxonomy exists for AI-related privacy risks like deepfakes?": [44],
        "How does federated learning preserve privacy in AI systems?": [45],
        "What privacy challenges arise in smart contracts using AI?": [46],
        "How do US and Chinese opinions differ on AI privacy?": [47],
        "What are patient perceptions of privacy in AI-driven healthcare?": [48],
        "How do AI-driven chatbots impact user experience and privacy perception?": [49],
        "What ethical and privacy challenges exist in healthcare AI?": [48, 50],
        "How do AI technologies relate to privacy and security concerns?": [50],
  
        "What are the overlaps between AI in healthcare and AI ethics?": [6, 10, 43, 48, 50],
        "How do neural networks contribute to deep learning and AI research?": [12, 15, 18, 19, 20],
        "What methods integrate semi-supervised and unsupervised learning?": [21, 25, 29, 30, 32],
        "What are the latest advances in AI research and publications?": [5, 18, 31, 42],
        "How can AI improve performance in both medicine and security?": [6, 42, 45, 48, 50],
        "What are the challenges in training neural networks efficiently?": [14, 17, 19, 22],
        "How is visual feature learning approached in unsupervised methods?": [31, 36, 38, 39],
        "What role does conference research play in AI advancements?": [3, 5],
        "How can fairness and opportunity be evaluated in AI systems?": [27, 43, 48],
        "Which techniques are used to reduce overfitting and improve model generalization?": [14, 19, 22, 29],

        "How is AI applied in multiagent distributed systems?": [9],
        "What are future directions for integer programming and AI integration?": [7],
        "How is AI applied in medical imaging and radiology?": [6, 8, 10],
        "What approaches improve AI performance in pattern recognition tasks?": [15, 16, 20],
        "How can AI models balance privacy, security, and user experience?": [42, 45, 46, 49, 50]
    }
}